PMID,Title,Authors,Citation,First Author,Journal/Book,Publication Year,Create Date,PMCID,NIHMS ID,DOI
"28003033","Short Physical Performance Battery and all-cause mortality: systematic review and meta-analysis","Pavasini R, Guralnik J, Brown JC, di Bari M, Cesari M, Landi F, Vaes B, Legrand D, Verghese J, Wang C, Stenholm S, Ferrucci L, Lai JC, Bartes AA, Espaulella J, Ferrer M, Lim JY, Ensrud KE, Cawthon P, Turusheva A, Frolova E, Rolland Y, Lauwers V, Corsonello A, Kirk GD, Ferrari R, Volpato S, Campo G.","BMC Med. 2016 Dec 22;14(1):215. doi: 10.1186/s12916-016-0763-7.","Pavasini R","BMC Med","2016","2016/12/23","PMC5178082","","10.1186/s12916-016-0763-7"
"26954412","Polypharmacy in the Aging Patient: A Review of Glycemic Control in Older Adults With Type 2 Diabetes","Lipska KJ, Krumholz H, Soones T, Lee SJ.","JAMA. 2016 Mar 8;315(10):1034-45. doi: 10.1001/jama.2016.0299.","Lipska KJ","JAMA","2016","2016/03/09","PMC4823136","NIHMS768033","10.1001/jama.2016.0299"
"28865870","Outcomes That Define Successful Advance Care Planning: A Delphi Panel Consensus","Sudore RL, Heyland DK, Lum HD, Rietjens JAC, Korfage IJ, Ritchie CS, Hanson LC, Meier DE, Pantilat SZ, Lorenz K, Howard M, Green MJ, Simon JE, Feuz MA, You JJ.","J Pain Symptom Manage. 2018 Feb;55(2):245-255.e8. doi: 10.1016/j.jpainsymman.2017.08.025. Epub 2017 Sep 1.","Sudore RL","J Pain Symptom Manage","2018","2017/09/04","PMC5794507","NIHMS923869","10.1016/j.jpainsymman.2017.08.025"
"28422306","Development of a novel frailty index to predict mortality in patients with end-stage liver disease","Lai JC, Covinsky KE, Dodge JL, Boscardin WJ, Segev DL, Roberts JP, Feng S.","Hepatology. 2017 Aug;66(2):564-574. doi: 10.1002/hep.29219. Epub 2017 Jun 28.","Lai JC","Hepatology","2017","2017/04/20","PMC5519430","NIHMS870524","10.1002/hep.29219"
"32744593","Assessing Telemedicine Unreadiness Among Older Adults in the United States During the COVID-19 Pandemic","Lam K, Lu AD, Shi Y, Covinsky KE.","JAMA Intern Med. 2020 Oct 1;180(10):1389-1391. doi: 10.1001/jamainternmed.2020.2671.","Lam K","JAMA Intern Med","2020","2020/08/04","PMC7400189","","10.1001/jamainternmed.2020.2671"
"32297903","Meeting the Care Needs of Older Adults Isolated at Home During the COVID-19 Pandemic","Steinman MA, Perry L, Perissinotto CM.","JAMA Intern Med. 2020 Jun 1;180(6):819-820. doi: 10.1001/jamainternmed.2020.1661.","Steinman MA","JAMA Intern Med","2020","2020/04/17","","","10.1001/jamainternmed.2020.1661"
"32796170","Postoperative delirium: why, what, and how to confront it at your institution","Curtis MS, Forman NA, Donovan AL, Whitlock EL.","Curr Opin Anaesthesiol. 2020 Oct;33(5):668-673. doi: 10.1097/ACO.0000000000000907.","Curtis MS","Curr Opin Anaesthesiol","2020","2020/08/16","PMC7489931","NIHMS1624647","10.1097/ACO.0000000000000907"
"29871945","Gabapentin and Pregabalin Use and Association with Adverse Outcomes among Hemodialysis Patients","Ishida JH, McCulloch CE, Steinman MA, Grimes BA, Johansen KL.","J Am Soc Nephrol. 2018 Jul;29(7):1970-1978. doi: 10.1681/ASN.2018010096. Epub 2018 Jun 5.","Ishida JH","J Am Soc Nephrol","2018","2018/06/07","PMC6050935","","10.1681/ASN.2018010096"
"30668935","Frailty Associated With Waitlist Mortality Independent of Ascites and Hepatic Encephalopathy in a Multicenter Study","Lai JC, Rahimi RS, Verna EC, Kappus MR, Dunn MA, McAdams-DeMarco M, Haugen CE, Volk ML, Duarte-Rojo A, Ganger DR, O'Leary JG, Dodge JL, Ladner D, Segev DL.","Gastroenterology. 2019 May;156(6):1675-1682. doi: 10.1053/j.gastro.2019.01.028. Epub 2019 Jan 19.","Lai JC","Gastroenterology","2019","2019/01/23","PMC6475483","NIHMS1519004","10.1053/j.gastro.2019.01.028"
"28586818","Association Between Persistent Pain and Memory Decline and Dementia in a Longitudinal Cohort of Elders","Whitlock EL, Diaz-Ramirez LG, Glymour MM, Boscardin WJ, Covinsky KE, Smith AK.","JAMA Intern Med. 2017 Aug 1;177(8):1146-1153. doi: 10.1001/jamainternmed.2017.1622.","Whitlock EL","JAMA Intern Med","2017","2017/06/07","PMC5588896","NIHMS898390","10.1001/jamainternmed.2017.1622"
"30770207","Goals-of-Care Conversations for Older Adults With Serious Illness in the Emergency Department: Challenges and Opportunities","Ouchi K, George N, Schuur JD, Aaronson EL, Lindvall C, Bernstein E, Sudore RL, Schonberg MA, Block SD, Tulsky JA.","Ann Emerg Med. 2019 Aug;74(2):276-284. doi: 10.1016/j.annemergmed.2019.01.003. Epub 2019 Feb 13.","Ouchi K","Ann Emerg Med","2019","2019/02/17","PMC6714052","NIHMS1047546","10.1016/j.annemergmed.2019.01.003"
"32965024","Social Isolation and Loneliness Among San Francisco Bay Area Older Adults During the COVID-19 Shelter-in-Place Orders","Kotwal AA, Holt-Lunstad J, Newmark RL, Cenzer I, Smith AK, Covinsky KE, Escueta DP, Lee JM, Perissinotto CM.","J Am Geriatr Soc. 2021 Jan;69(1):20-29. doi: 10.1111/jgs.16865. Epub 2020 Oct 9.","Kotwal AA","J Am Geriatr Soc","2021","2020/09/23","PMC7536935","","10.1111/jgs.16865"
"27659408","Trends in Drug Utilization, Glycemic Control, and Rates of Severe Hypoglycemia, 2006-2013","Lipska KJ, Yao X, Herrin J, McCoy RG, Ross JS, Steinman MA, Inzucchi SE, Gill TM, Krumholz HM, Shah ND.","Diabetes Care. 2017 Apr;40(4):468-475. doi: 10.2337/dc16-0985. Epub 2016 Sep 22.","Lipska KJ","Diabetes Care","2017","2016/09/24","PMC5360291","","10.2337/dc16-0985"
"24219204","Guidelines abstracted from the American Geriatrics Society Guidelines for Improving the Care of Older Adults with Diabetes Mellitus: 2013 update","American Geriatrics Society Expert Panel on Care of Older Adults with Diabetes Mellitus, Moreno G, Mangione CM, Kimbro L, Vaisberg E.","J Am Geriatr Soc. 2013 Nov;61(11):2020-6. doi: 10.1111/jgs.12514.","American Geriatrics Society Expert Panel on Care of Older Adults with Diabetes Mellitus","J Am Geriatr Soc","2013","2013/11/14","PMC4064258","NIHMS583558","10.1111/jgs.12514"
"30908605","Dying With Dementia: Underrecognized and Stigmatized","Harrison KL, Hunt LJ, Ritchie CS, Yaffe K.","J Am Geriatr Soc. 2019 Aug;67(8):1548-1551. doi: 10.1111/jgs.15895. Epub 2019 Mar 25.","Harrison KL","J Am Geriatr Soc","2019","2019/03/26","PMC6684346","NIHMS1017853","10.1111/jgs.15895"
"30242103","Authors' Reply","Ishida JH, McCulloch CE, Steinman MA, Grimes BA, Johansen KL.","J Am Soc Nephrol. 2018 Nov;29(11):2771-2772. doi: 10.1681/ASN.2018080811. Epub 2018 Sep 21.","Ishida JH","J Am Soc Nephrol","2018","2018/09/23","PMC6218857","","10.1681/ASN.2018080811"
"33048142","Palliative Care for Patients With Noncancer Illnesses","Harrison KL, Kotwal AA, Smith AK.","JAMA. 2020 Oct 13;324(14):1404-1405. doi: 10.1001/jama.2020.15075.","Harrison KL","JAMA","2020","2020/10/13","PMC7771527","NIHMS1656049","10.1001/jama.2020.15075"
"26904417","Neuromodulation in neurogenic bladder","Sanford MT, Suskind AM.","Transl Androl Urol. 2016 Feb;5(1):117-26. doi: 10.3978/j.issn.2223-4683.2015.12.01.","Sanford MT","Transl Androl Urol","2016","2016/02/24","PMC4739974","","10.3978/j.issn.2223-4683.2015.12.01"
"32407126","Prisons: Amplifiers of the COVID-19 Pandemic Hiding in Plain Sight","Barnert E, Ahalt C, Williams B.","Am J Public Health. 2020 Jul;110(7):964-966. doi: 10.2105/AJPH.2020.305713. Epub 2020 May 14.","Barnert E","Am J Public Health","2020","2020/05/15","PMC7287517","","10.2105/AJPH.2020.305713"
"33196766","Evaluation of Time to Benefit of Statins for the Primary Prevention of Cardiovascular Events in Adults Aged 50 to 75 Years: A Meta-analysis","Yourman LC, Cenzer IS, Boscardin WJ, Nguyen BT, Smith AK, Schonberg MA, Schoenborn NL, Widera EW, Orkaby A, Rodriguez A, Lee SJ.","JAMA Intern Med. 2021 Feb 1;181(2):179-185. doi: 10.1001/jamainternmed.2020.6084.","Yourman LC","JAMA Intern Med","2021","2020/11/16","PMC7670393","","10.1001/jamainternmed.2020.6084"
"30924526","Who Will Care for the Caregivers? Increased Needs When Caring for Frail Older Adults With Cancer","Huang LW, Smith AK, Wong ML.","J Am Geriatr Soc. 2019 May;67(5):873-876. doi: 10.1111/jgs.15863. Epub 2019 Mar 29.","Huang LW","J Am Geriatr Soc","2019","2019/03/30","PMC6488360","NIHMS1017851","10.1111/jgs.15863"
"31710331","Palliative Care in the Nursing Home-Shifting Paradigms","Hunt LJ, Stephens CE, Smith AK.","JAMA Intern Med. 2020 Feb 1;180(2):243-244. doi: 10.1001/jamainternmed.2019.5359.","Hunt LJ","JAMA Intern Med","2020","2019/11/12","PMC7877707","NIHMS1663810","10.1001/jamainternmed.2019.5359"
"26825359","Defining the threshold for too sick for transplant","Lai JC.","Curr Opin Organ Transplant. 2016 Apr;21(2):127-32. doi: 10.1097/MOT.0000000000000286.","Lai JC","Curr Opin Organ Transplant","2016","2016/01/31","PMC4786446","NIHMS755994","10.1097/MOT.0000000000000286"
"32384332","The Frailty Syndrome: Anesthesiologists Must Understand More and Fear Less","Whitlock EL, Whittington RA.","Anesth Analg. 2020 Jun;130(6):1445-1448. doi: 10.1213/ANE.0000000000004789.","Whitlock EL","Anesth Analg","2020","2020/05/09","PMC7678012","NIHMS1638253","10.1213/ANE.0000000000004789"
"29373676","The Precarity of Older Adults Living Alone With Cognitive Impairment","Portacolone E, Rubinstein RL, Covinsky KE, Halpern J, Johnson JK.","Gerontologist. 2019 Mar 14;59(2):271-280. doi: 10.1093/geront/gnx193.","Portacolone E","Gerontologist","2019","2018/01/27","PMC6417768","","10.1093/geront/gnx193"
"32611526","Implications of postoperative cognitive decline for satisfaction with anaesthesia care","Whitlock EL, Liu X, Lin HM, Deiner S.","Br J Anaesth. 2020 Sep;125(3):e273-e275. doi: 10.1016/j.bja.2020.05.023. Epub 2020 Jun 28.","Whitlock EL","Br J Anaesth","2020","2020/07/03","PMC7539663","","10.1016/j.bja.2020.05.023"
"30890860","Smoking and Smoking Cessation Among Criminal Justice-Involved Older Adults","Ahalt C, Buisker T, Myers J, Williams B.","Tob Use Insights. 2019 Mar 12;12:1179173X19833357. doi: 10.1177/1179173X19833357. eCollection 2019.","Ahalt C","Tob Use Insights","2019","2019/03/21","PMC6416677","","10.1177/1179173X19833357"
"32778434","Multi-cultural perspectives on group singing among diverse older adults","Allison TA, Nápoles AM, Johnson JK, Stewart AL, Rodriguez-Salazar M, Peringer J, Sherman S, Ortez-Alfaro J, Villero O, Portacolone E.","Geriatr Nurs. 2020 Nov-Dec;41(6):1006-1012. doi: 10.1016/j.gerinurse.2020.07.011. Epub 2020 Aug 8.","Allison TA","Geriatr Nurs","2020","2020/08/12","PMC7738424","NIHMS1620099","10.1016/j.gerinurse.2020.07.011"
"29380529","Physical frailty after liver transplantation","Lai JC, Segev DL, McCulloch CE, Covinsky KE, Dodge JL, Feng S.","Am J Transplant. 2018 Aug;18(8):1986-1994. doi: 10.1111/ajt.14675. Epub 2018 Mar 13.","Lai JC","Am J Transplant","2018","2018/01/31","PMC6066446","NIHMS957988","10.1111/ajt.14675"
"32759190","Clinician-judged hearing impairment and associations with neuropathologic burden","Brenowitz WD, Besser LM, Kukull WA, Keene CD, Glymour MM, Yaffe K.","Neurology. 2020 Sep 22;95(12):e1640-e1649. doi: 10.1212/WNL.0000000000010575. Epub 2020 Aug 5.","Brenowitz WD","Neurology","2020","2020/08/08","PMC7713726","","10.1212/WNL.0000000000010575"
"26999383","Polypharmacy-Time to Get Beyond Numbers","Steinman MA.","JAMA Intern Med. 2016 Apr;176(4):482-3. doi: 10.1001/jamainternmed.2015.8597.","Steinman MA","JAMA Intern Med","2016","2016/03/22","PMC5320566","NIHMS847411","10.1001/jamainternmed.2015.8597"
"31736191","Identifying tests related to breast cancer care in claims data","Franc BL, Thombley R, Luo Y, Boscardin WJ, Rugo HS, Seidenwurm D, Dudley RA.","Breast J. 2020 Jun;26(6):1227-1230. doi: 10.1111/tbj.13691. Epub 2019 Nov 18.","Franc BL","Breast J","2020","2019/11/19","PMC7304302","NIHMS1597871","10.1111/tbj.13691"
"29310132","Frailty as an Outcome in Geriatrics Research: Not Ready for Prime Time?","Brown RT, Covinsky KE.","Ann Intern Med. 2018 Mar 6;168(5):361-362. doi: 10.7326/M17-3048. Epub 2018 Jan 9.","Brown RT","Ann Intern Med","2018","2018/01/09","PMC5840034","NIHMS940244","10.7326/M17-3048"
"30629740","Psychoactive Medications and Adverse Outcomes among Older Adults Receiving Hemodialysis","Ishida JH, McCulloch CE, Steinman MA, Grimes BA, Johansen KL.","J Am Geriatr Soc. 2019 Mar;67(3):449-454. doi: 10.1111/jgs.15740. Epub 2019 Jan 10.","Ishida JH","J Am Geriatr Soc","2019","2019/01/11","","","10.1111/jgs.15740"
"32372442","Transforming Undergraduate Student Perceptions of Dementia through Music and Filmmaking","Gubner J, Smith AK, Allison TA.","J Am Geriatr Soc. 2020 May;68(5):1083-1089. doi: 10.1111/jgs.16418. Epub 2020 May 6.","Gubner J","J Am Geriatr Soc","2020","2020/05/07","PMC7993623","NIHMS1681489","10.1111/jgs.16418"
"33047812","Succeeding in Aging Research During the Pandemic: Strategies for Fellows and Junior Faculty","Cohen AB, Parks AL, Whitson HE, Zieman S, Brown CJ, Boyd C, Covinsky KE, Steinman MA.","J Am Geriatr Soc. 2021 Jan;69(1):8-11. doi: 10.1111/jgs.16868. Epub 2020 Oct 13.","Cohen AB","J Am Geriatr Soc","2021","2020/10/13","PMC7675665","NIHMS1639329","10.1111/jgs.16868"
"32964422","Do Caregiving Factors Affect Hospitalization Risk Among Disabled Older Adults?","Amjad H, Mulcahy J, Kasper JD, Burgdorf J, Roth DL, Covinsky K, Wolff JL.","J Am Geriatr Soc. 2021 Jan;69(1):129-139. doi: 10.1111/jgs.16817. Epub 2020 Sep 22.","Amjad H","J Am Geriatr Soc","2021","2020/09/23","PMC7856284","NIHMS1645441","10.1111/jgs.16817"
"29151199","Loneliness in Older Adults Living with HIV","Greene M, Hessol NA, Perissinotto C, Zepf R, Hutton Parrott A, Foreman C, Whirry R, Gandhi M, John M.","AIDS Behav. 2018 May;22(5):1475-1484. doi: 10.1007/s10461-017-1985-1.","Greene M","AIDS Behav","2018","2017/11/20","PMC6756479","NIHMS1050918","10.1007/s10461-017-1985-1"
"28063866","Chemotherapy-Induced Neuropathy in Cancer Survivors","Miaskowski C, Mastick J, Paul SM, Topp K, Smoot B, Abrams G, Chen LM, Kober KM, Conley YP, Chesney M, Bolla K, Mausisa G, Mazor M, Wong M, Schumacher M, Levine JD.","J Pain Symptom Manage. 2017 Aug;54(2):204-218.e2. doi: 10.1016/j.jpainsymman.2016.12.342. Epub 2017 Jan 4.","Miaskowski C","J Pain Symptom Manage","2017","2017/01/09","PMC5496793","NIHMS840720","10.1016/j.jpainsymman.2016.12.342"
"31971857","Community-Based Palliative Care Consultations: Comparing Dementia to Nondementia Serious Illnesses","Harrison KL, Bull JH, Garrett SB, Bonsignore L, Bice T, Hanson LC, Ritchie CS.","J Palliat Med. 2020 Aug;23(8):1021-1029. doi: 10.1089/jpm.2019.0250. Epub 2020 Jan 22.","Harrison KL","J Palliat Med","2020","2020/01/24","PMC7404819","","10.1089/jpm.2019.0250"
"30516794","Advance Care Planning in Older Adults With Multiple Chronic Conditions Undergoing High-Risk Surgery","Tang VL, Dillon EC, Yang Y, Tai-Seale M, Boscardin J, Kata A, Sudore RL.","JAMA Surg. 2019 Mar 1;154(3):261-264. doi: 10.1001/jamasurg.2018.4647.","Tang VL","JAMA Surg","2019","2018/12/06","PMC6439627","","10.1001/jamasurg.2018.4647"
"32749452","Extreme Vulnerability of Home Care Workers During the COVID-19 Pandemic-A Call to Action","Allison TA, Oh A, Harrison KL.","JAMA Intern Med. 2020 Aug 4:10.1001/jamainternmed.2020.3937. doi: 10.1001/jamainternmed.2020.3937. Online ahead of print.","Allison TA","JAMA Intern Med","2020","2020/08/05","PMC7858686","NIHMS1656096","10.1001/jamainternmed.2020.3937"
"31326392","Geriatric oncology health services research: Cancer and Aging Research Group infrastructure core","Wong ML, Lichtman SM, Morrow GR, Simmons J, Hargraves T, Gross CP, Lund JL, Lowenstein LM, Walter LC, McDermott CL, Mohile SG, Cohen HJ.","J Geriatr Oncol. 2020 Mar;11(2):350-354. doi: 10.1016/j.jgo.2019.07.012. Epub 2019 Jul 17.","Wong ML","J Geriatr Oncol","2020","2019/07/22","PMC6980419","NIHMS1535054","10.1016/j.jgo.2019.07.012"
"32878991","Association of genetic risk for Alzheimer disease and hearing impairment","Brenowitz WD, Filshtein TJ, Yaffe K, Walter S, Ackley SF, Hoffmann TJ, Jorgenson E, Whitmer RA, Glymour MM.","Neurology. 2020 Oct 20;95(16):e2225-e2234. doi: 10.1212/WNL.0000000000010709. Epub 2020 Sep 2.","Brenowitz WD","Neurology","2020","2020/09/04","PMC7713783","","10.1212/WNL.0000000000010709"
"32250295","Ethical Issues Raised by the Introduction of Artificial Companions to Older Adults with Cognitive Impairment: A Call for Interdisciplinary Collaborations","Portacolone E, Halpern J, Luxenberg J, Harrison KL, Covinsky KE.","J Alzheimers Dis. 2020;76(2):445-455. doi: 10.3233/JAD-190952.","Portacolone E","J Alzheimers Dis","2020","2020/04/07","PMC7437496","NIHMS1617534","10.3233/JAD-190952"
"32898280","Preoperative Depressive Symptoms Associated with Poor Functional Recovery after Surgery","Tang VL, Cenzer I, McCulloch CE, Finlayson E, Cooper Z, Silvestrini M, Ngo S, Schmitt EM, Inouye SK.","J Am Geriatr Soc. 2020 Dec;68(12):2814-2821. doi: 10.1111/jgs.16781. Epub 2020 Sep 8.","Tang VL","J Am Geriatr Soc","2020","2020/09/08","PMC7744402","NIHMS1630236","10.1111/jgs.16781"
"29461620","Developing a Core Outcome Set for Trials to Improve Medication Use: Guidelines or Guidance?","Marcum ZA, Steinman MA.","J Am Geriatr Soc. 2018 Jul;66(6):1058-1059. doi: 10.1111/jgs.15269. Epub 2018 Feb 20.","Marcum ZA","J Am Geriatr Soc","2018","2018/02/21","PMC6102089","NIHMS931172","10.1111/jgs.15269"
"27548427","Frailty and Surgical Decision Making","Tang VL, Covinsky K.","Ann Intern Med. 2016 Nov 1;165(9):669-670. doi: 10.7326/M16-1866. Epub 2016 Aug 23.","Tang VL","Ann Intern Med","2016","2016/08/23","PMC5340295","NIHMS847914","10.7326/M16-1866"
"30768960","Stability of Symptom Clusters in Patients With Lung Cancer Receiving Chemotherapy","Russell J, Wong ML, Mackin L, Paul SM, Cooper BA, Hammer M, Conley YP, Wright F, Levine JD, Miaskowski C.","J Pain Symptom Manage. 2019 May;57(5):909-922. doi: 10.1016/j.jpainsymman.2019.02.002. Epub 2019 Feb 13.","Russell J","J Pain Symptom Manage","2019","2019/02/16","PMC6486424","NIHMS1521499","10.1016/j.jpainsymman.2019.02.002"
"29256088","Ethical Issues in the Design and Implementation of Population Health Programs","DeCamp M, Pomerantz D, Cotts K, Dzeng E, Farber N, Lehmann L, Reynolds PP, Sulmasy LS, Tilburt J.","J Gen Intern Med. 2018 Mar;33(3):370-375. doi: 10.1007/s11606-017-4234-4. Epub 2017 Dec 18.","DeCamp M","J Gen Intern Med","2018","2017/12/20","PMC5834965","","10.1007/s11606-017-4234-4"
"29417461","Individualizing PSA Monitoring Among Older Prostate Cancer Survivors","Shi Y, Fung KZ, John Boscardin W, Ngo S, Freedland SJ, Wong ML, Walter LC.","J Gen Intern Med. 2018 May;33(5):602-604. doi: 10.1007/s11606-018-4334-9.","Shi Y","J Gen Intern Med","2018","2018/02/09","PMC5910352","","10.1007/s11606-018-4334-9"
"33457557","Does Feedback to Physicians of a Patient-Reported Readiness for Discharge Checklist Improve Discharge?","Harrison JD, Boscardin WJ, Maselli J, Auerbach AD.","J Patient Exp. 2020 Dec;7(6):1144-1150. doi: 10.1177/2374373519895100. Epub 2020 Jan 12.","Harrison JD","J Patient Exp","2020","2021/01/18","PMC7786742","","10.1177/2374373519895100"
"31705477","Glycemic Over- and Undertreatment in VA Nursing Home Residents with Type 2 Diabetes: a Retrospective Cohort Study","Lederle L, Jing B, Rodriguez A, Hunt LJ, Lee SJ.","J Gen Intern Med. 2020 Jun;35(6):1900-1902. doi: 10.1007/s11606-019-05479-5. Epub 2019 Nov 8.","Lederle L","J Gen Intern Med","2020","2019/11/10","PMC7280465","","10.1007/s11606-019-05479-5"
"31464843","Comparison of Pharmacy Database Methods for Determining Prevalent Chronic Medication Use","Anderson TS, Jing B, Wray CM, Ngo S, Xu E, Fung K, Steinman MA.","Med Care. 2019 Oct;57(10):836-842. doi: 10.1097/MLR.0000000000001188.","Anderson TS","Med Care","2019","2019/08/30","PMC6742560","NIHMS1535044","10.1097/MLR.0000000000001188"
"31358253","Co-occuring symptoms in older oncology patients with distinct attentional function profiles","Utne I, Løyland B, Grov EK, Paul S, Wong ML, Conley YP, Cooper BA, Levine JD, Miaskowski C.","Eur J Oncol Nurs. 2019 Aug;41:196-203. doi: 10.1016/j.ejon.2019.07.001. Epub 2019 Jul 2.","Utne I","Eur J Oncol Nurs","2019","2019/07/31","PMC6681665","NIHMS1534836","10.1016/j.ejon.2019.07.001"
"30761662","A systematic review of methods for determining cross-sectional active medications using pharmacy databases","Anderson TS, Xu E, Whitaker E, Steinman MA.","Pharmacoepidemiol Drug Saf. 2019 Apr;28(4):403-421. doi: 10.1002/pds.4706. Epub 2019 Feb 13.","Anderson TS","Pharmacoepidemiol Drug Saf","2019","2019/02/15","PMC7050409","NIHMS1557800","10.1002/pds.4706"
"31677102","What Is a Medication-Related Problem? A Qualitative Study of Older Adults and Primary Care Clinicians","Nicosia FM, Spar MJ, Stebbins M, Sudore RL, Ritchie CS, Lee KP, Rodondi K, Steinman MA.","J Gen Intern Med. 2020 Mar;35(3):724-731. doi: 10.1007/s11606-019-05463-z. Epub 2019 Nov 1.","Nicosia FM","J Gen Intern Med","2020","2019/11/03","PMC7080912","","10.1007/s11606-019-05463-z"
"32182155","Barriers and Solutions to Advance Care Planning among Homeless-Experienced Older Adults","Kaplan LM, Sudore RL, Arellano Cuervo I, Bainto D, Olsen P, Kushel M.","J Palliat Med. 2020 Oct;23(10):1300-1306. doi: 10.1089/jpm.2019.0550. Epub 2020 Mar 17.","Kaplan LM","J Palliat Med","2020","2020/03/18","PMC7523016","","10.1089/jpm.2019.0550"
"32494554","Performance of matching methods in studies of rare diseases: a simulation study","Cenzer I, Boscardin WJ, Berger K.","Intractable Rare Dis Res. 2020 May;9(2):79-88. doi: 10.5582/irdr.2020.01016.","Cenzer I","Intractable Rare Dis Res","2020","2020/06/05","PMC7263993","","10.5582/irdr.2020.01016"
"31808129","Food Insecurity Is Associated with Behavioral Health Diagnosis Among Older Primary Care Patients with Multiple Chronic Conditions","Jih J, Nguyen TT, Jin C, Seligman H, Boscardin WJ, Ritchie CS.","J Gen Intern Med. 2020 Dec;35(12):3726-3729. doi: 10.1007/s11606-019-05569-4. Epub 2019 Dec 5.","Jih J","J Gen Intern Med","2020","2019/12/07","PMC7728958","","10.1007/s11606-019-05569-4"
"32130076","Hospice Staff Perspectives on Caring for People with Dementia: A Multisite, Multistakeholder Study","Harrison KL, Allison TA, Garrett SB, Thompson N, Sudore RL, Ritchie CS.","J Palliat Med. 2020 Aug;23(8):1013-1020. doi: 10.1089/jpm.2019.0565. Epub 2020 Mar 4.","Harrison KL","J Palliat Med","2020","2020/03/05","PMC7404831","","10.1089/jpm.2019.0565"
"33111241","Do Life-sustaining Treatment Orders Match Patient and Surrogate Preferences? The Role of POLST","Hickman SE, Torke AM, Sachs GA, Sudore RL, Tang Q, Bakoyannis G, Smith NH, Myers AL, Hammes BJ.","J Gen Intern Med. 2021 Feb;36(2):413-421. doi: 10.1007/s11606-020-06292-1. Epub 2020 Oct 27.","Hickman SE","J Gen Intern Med","2021","2020/10/28","PMC7878602","","10.1007/s11606-020-06292-1"
"27114358","California's End of Life Option Act: Opportunities and Challenges Ahead","Petrillo LA, Dzeng E, Smith AK.","J Gen Intern Med. 2016 Aug;31(8):828-9. doi: 10.1007/s11606-016-3713-3. Epub 2016 Apr 25.","Petrillo LA","J Gen Intern Med","2016","2016/04/27","PMC4945570","","10.1007/s11606-016-3713-3"
"32222760","Unintended Consequences of Opioid Regulations in Older Adults with Multiple Chronic Conditions","Ritchie CS, Garrett SB, Thompson N, Miaskowski C.","Gerontologist. 2020 Sep 15;60(7):1343-1352. doi: 10.1093/geront/gnaa016.","Ritchie CS","Gerontologist","2020","2020/03/31","PMC7491430","","10.1093/geront/gnaa016"
"32562569","Implications of 2020 Skilled Home Healthcare Payment Reform for Persons with Dementia","Ankuda CK, Leff B, Ritchie CS, Rahman OK, Ferreira KB, Bollens-Lund E, Ornstein KA.","J Am Geriatr Soc. 2020 Oct;68(10):2303-2309. doi: 10.1111/jgs.16654. Epub 2020 Jun 20.","Ankuda CK","J Am Geriatr Soc","2020","2020/06/21","PMC7718285","NIHMS1632115","10.1111/jgs.16654"
"31960541","Using diagnosis codes in claims data to identify cohorts of breast cancer patients following initial treatment","Franc BL, Thombley R, Luo Y, John Boscardin W, Rugo HS, Seidenwurm D, Dudley RA.","Breast J. 2020 Jul;26(7):1472-1474. doi: 10.1111/tbj.13758. Epub 2020 Jan 20.","Franc BL","Breast J","2020","2020/01/22","PMC7369243","NIHMS1597903","10.1111/tbj.13758"
"32367390","Advance Care Planning Prior to Death in Older Adults with Hip Fracture","Kata A, Cenzer I, Sudore RL, Covinsky KE, Tang VL.","J Gen Intern Med. 2020 Jul;35(7):1946-1953. doi: 10.1007/s11606-020-05644-1. Epub 2020 May 4.","Kata A","J Gen Intern Med","2020","2020/05/06","PMC7351969","","10.1007/s11606-020-05644-1"
"24614940","So much insulin, so much hypoglycemia","Lee SJ.","JAMA Intern Med. 2014 May;174(5):686-8. doi: 10.1001/jamainternmed.2013.13307.","Lee SJ","JAMA Intern Med","2014","2014/03/12","PMC4067162","NIHMS590414","10.1001/jamainternmed.2013.13307"
"31408488","Trajectories of functional impairment in homeless older adults: Results from the HOPE HOME study","Brown RT, Guzman D, Kaplan LM, Ponath C, Lee CT, Kushel MB.","PLoS One. 2019 Aug 13;14(8):e0221020. doi: 10.1371/journal.pone.0221020. eCollection 2019.","Brown RT","PLoS One","2019","2019/08/14","PMC6692032","","10.1371/journal.pone.0221020"
"30770977","Age-related differences in patient-reported and objective measures of chemotherapy-induced peripheral neuropathy among cancer survivors","Wong ML, Cooper BA, Paul SM, Abrams G, Topp K, Kober KM, Chesney MA, Mazor M, Schumacher MA, Conley YP, Levine JD, Miaskowski C.","Support Care Cancer. 2019 Oct;27(10):3905-3912. doi: 10.1007/s00520-019-04695-3. Epub 2019 Feb 15.","Wong ML","Support Care Cancer","2019","2019/02/17","PMC6697247","NIHMS1524905","10.1007/s00520-019-04695-3"
"27902810","A Call for Frailty Screening in the Preoperative Setting","Suskind AM, Finlayson E.","JAMA Surg. 2017 Mar 1;152(3):240-241. doi: 10.1001/jamasurg.2016.4256.","Suskind AM","JAMA Surg","2017","2016/12/01","PMC5352541","NIHMS837825","10.1001/jamasurg.2016.4256"
"32744949","Receipt Of Home-Based Medical Care Among Older Beneficiaries Enrolled In Fee-For-Service Medicare","Reckrey JM, Yang M, Kinosian B, Bollens-Lund E, Leff B, Ritchie C, Ornstein K.","Health Aff (Millwood). 2020 Aug;39(8):1289-1296. doi: 10.1377/hlthaff.2019.01537.","Reckrey JM","Health Aff (Millwood)","2020","2020/08/04","PMC7553783","NIHMS1632604","10.1377/hlthaff.2019.01537"
"31389002","Care Settings and Clinical Characteristics of Older Adults with Moderately Severe Dementia","Harrison KL, Ritchie CS, Patel K, Hunt LJ, Covinsky KE, Yaffe K, Smith AK.","J Am Geriatr Soc. 2019 Sep;67(9):1907-1912. doi: 10.1111/jgs.16054. Epub 2019 Aug 7.","Harrison KL","J Am Geriatr Soc","2019","2019/08/08","PMC6732035","NIHMS1042474","10.1111/jgs.16054"
"33173929","Long-term individual and population functional outcomes in older adults with atrial fibrillation","Parks AL, Jeon SY, Boscardin WJ, Steinman MA, Smith AK, Fang MC, Shah SJ.","medRxiv. 2020 Nov 6:2020.11.05.20223297. doi: 10.1101/2020.11.05.20223297. Preprint.","Parks AL","medRxiv","2020","2020/11/11","PMC7654925","","10.1101/2020.11.05.20223297"
"24616302","Peer-reviewed publications in the era of social media--JHM 2.0","Greysen SR, Arora VM, Auerbach AD.","J Hosp Med. 2014 Apr;9(4):269-70. doi: 10.1002/jhm.2175. Epub 2014 Feb 26.","Greysen SR","J Hosp Med","2014","2014/03/12","PMC4068956","NIHMS592792","10.1002/jhm.2175"
"27715455","Assessment of geriatric syndromes and physical function in people living with HIV","Greene M, Justice AC, Covinsky KE.","Virulence. 2017 Jul 4;8(5):586-598. doi: 10.1080/21505594.2016.1245269. Epub 2016 Oct 7.","Greene M","Virulence","2017","2016/10/08","PMC5538333","","10.1080/21505594.2016.1245269"
"24616285","Changing chronic medications in hospitalized patients--bridging the inpatient-outpatient divide","Eng JA, Steinman MA.","J Hosp Med. 2014 May;9(5):332-3. doi: 10.1002/jhm.2172. Epub 2014 Feb 24.","Eng JA","J Hosp Med","2014","2014/03/12","PMC4123668","NIHMS564303","10.1002/jhm.2172"
"32364865","Switching Between Medicare Advantage And Traditional Medicare Before And After The Onset Of Functional Disability","Ankuda CK, Ornstein KA, Covinsky KE, Bollens-Lund E, Meier DE, Kelley AS.","Health Aff (Millwood). 2020 May;39(5):809-818. doi: 10.1377/hlthaff.2019.01070.","Ankuda CK","Health Aff (Millwood)","2020","2020/05/05","PMC7951954","NIHMS1676691","10.1377/hlthaff.2019.01070"
"32695430","Moving prevention of functional impairment upstream: is middle age an ideal time for intervention?","Brown RT, Covinsky KE.","Womens Midlife Health. 2020 Jul 17;6:4. doi: 10.1186/s40695-020-00054-z. eCollection 2020.","Brown RT","Womens Midlife Health","2020","2020/07/23","PMC7366897","","10.1186/s40695-020-00054-z"
"27245052","Changes in Social Function as a Trigger to Screen for Cognitive Impairment","Romo RD, Lee SJ.","J Gen Intern Med. 2016 Aug;31(8):826-7. doi: 10.1007/s11606-016-3755-6.","Romo RD","J Gen Intern Med","2016","2016/06/02","PMC4945578","","10.1007/s11606-016-3755-6"
"28344894","Postoperative Functional Outcomes in Older Adults","Brinson Z, Tang VL, Finlayson E.","Curr Surg Rep. 2016 Jun;4(6):21. doi: 10.1007/s40137-016-0140-7. Epub 2016 May 4.","Brinson Z","Curr Surg Rep","2016","2017/03/28","PMC5362160","NIHMS848387","10.1007/s40137-016-0140-7"
"32468831","Syndemic conditions and medication adherence in older men living with HIV who have sex with men","Zepf R, Greene M, Hessol NA, Johnson MO, Santos GM, John MD, Dawson-Rose C.","AIDS Care. 2020 Dec;32(12):1610-1616. doi: 10.1080/09540121.2020.1772954. Epub 2020 May 29.","Zepf R","AIDS Care","2020","2020/05/30","PMC7784841","NIHMS1656836","10.1080/09540121.2020.1772954"
"33105281","An Implementation-Effectiveness Study of a Perioperative Delirium Prevention Initiative for Older Adults","Donovan AL, Braehler MR, Robinowitz DL, Lazar AA, Finlayson E, Rogers S, Douglas VC, Whitlock EL; Anesthesia Resident Quality Improvement Committee.","Anesth Analg. 2020 Dec;131(6):1911-1922. doi: 10.1213/ANE.0000000000005223.","Donovan AL","Anesth Analg","2020","2020/10/26","PMC7669669","NIHMS1638201","10.1213/ANE.0000000000005223"
"30056010","A Quality of Care Framework for Home-Based Medical Care","Ritchie CS, Leff B, Garrigues SK, Perissinotto C, Sheehan OC, Harrison KL.","J Am Med Dir Assoc. 2018 Oct;19(10):818-823. doi: 10.1016/j.jamda.2018.05.020. Epub 2018 Jul 25.","Ritchie CS","J Am Med Dir Assoc","2018","2018/07/30","PMC6392035","NIHMS1010912","10.1016/j.jamda.2018.05.020"
"32783199","Anxious, Depressed, and Planning for the Future: Advance Care Planning in Diverse Older Adults","McMahan RD, Barnes DE, Ritchie CS, Jin C, Shi Y, David D, Walker EJ, Tang VL, Sudore RL.","J Am Geriatr Soc. 2020 Nov;68(11):2638-2642. doi: 10.1111/jgs.16754. Epub 2020 Aug 11.","McMahan RD","J Am Geriatr Soc","2020","2020/08/13","PMC7719568","NIHMS1644975","10.1111/jgs.16754"
"32822081","Co-Occurrence of Lower Urinary Tract Symptoms and Frailty among Community-Dwelling Older Men","Bauer SR, Scherzer R, Suskind AM, Cawthon P, Ensrud KE, Ricke WA, Covinsky K, Marshall LM; Osteoporotic Fractures in Men (MrOS) Research Group.","J Am Geriatr Soc. 2020 Dec;68(12):2805-2813. doi: 10.1111/jgs.16766. Epub 2020 Aug 21.","Bauer SR","J Am Geriatr Soc","2020","2020/08/22","PMC7744321","NIHMS1622927","10.1111/jgs.16766"
"29146125","All-cause mortality in patients with basal and squamous cell carcinoma: A systematic review and meta-analysis","Wehner MR, Cidre Serrano W, Nosrati A, Schoen PM, Chren MM, Boscardin J, Linos E.","J Am Acad Dermatol. 2018 Apr;78(4):663-672.e3. doi: 10.1016/j.jaad.2017.11.026. Epub 2017 Nov 13.","Wehner MR","J Am Acad Dermatol","2018","2017/11/18","PMC5886016","NIHMS943391","10.1016/j.jaad.2017.11.026"
"32119031","Patterns and Trends in Advance Care Planning Among Older Adults Who Received Intensive Care at the End of Life","Block BL, Jeon SY, Sudore RL, Matthay MA, Boscardin WJ, Smith AK.","JAMA Intern Med. 2020 May 1;180(5):786-789. doi: 10.1001/jamainternmed.2019.7535.","Block BL","JAMA Intern Med","2020","2020/03/03","PMC7052782","","10.1001/jamainternmed.2019.7535"
"29674340","Opioid Analgesics and Adverse Outcomes among Hemodialysis Patients","Ishida JH, McCulloch CE, Steinman MA, Grimes BA, Johansen KL.","Clin J Am Soc Nephrol. 2018 May 7;13(5):746-753. doi: 10.2215/CJN.09910917. Epub 2018 Apr 19.","Ishida JH","Clin J Am Soc Nephrol","2018","2018/04/21","PMC5969477","","10.2215/CJN.09910917"
"32564681","Expectations and Concerns of Older Adults With Cognitive Impairment About Their Relationship With Medical Providers: A Call for Therapeutic Alliances","Portacolone E, Covinsky KE, Johnson JK, Halpern J.","Qual Health Res. 2020 Aug;30(10):1584-1595. doi: 10.1177/1049732320925796. Epub 2020 Jun 20.","Portacolone E","Qual Health Res","2020","2020/06/23","PMC7398607","NIHMS1611436","10.1177/1049732320925796"
"33058737","Factors Associated with the Adoption and Closure of Hospital Palliative Care Programs in the United States","Rogers MM, Meier DE, Morrison RS, Moreno J, Aldridge M.","J Palliat Med. 2020 Oct 15. doi: 10.1089/jpm.2020.0282. Online ahead of print.","Rogers MM","J Palliat Med","2020","2020/10/15","","","10.1089/jpm.2020.0282"
"31970671","Patient-reported measures of well-being in older multiple myeloma patients: use of secondary data source","Cenzer I, Berger K, Rodriguez AM, Ostermann H, Covinsky KE.","Aging Clin Exp Res. 2020 Jun;32(6):1153-1160. doi: 10.1007/s40520-019-01465-3. Epub 2020 Jan 22.","Cenzer I","Aging Clin Exp Res","2020","2020/01/24","PMC7260254","","10.1007/s40520-019-01465-3"
"28029695","Sense of Control in End-of-Life Decision-Making","Romo RD, Allison TA, Smith AK, Wallhagen MI.","J Am Geriatr Soc. 2017 Mar;65(3):e70-e75. doi: 10.1111/jgs.14711. Epub 2016 Dec 28.","Romo RD","J Am Geriatr Soc","2017","2016/12/29","PMC5357173","NIHMS818717","10.1111/jgs.14711"
"33301019","Evaluation of Neighborhood Socioeconomic Characteristics and Advance Care Planning Among Older Adults","Nouri S, Lyles CR, Rubinsky AD, Patel K, Desai R, Fields J, DeRouen MC, Volow A, Bibbins-Domingo K, Sudore RL.","JAMA Netw Open. 2020 Dec 1;3(12):e2029063. doi: 10.1001/jamanetworkopen.2020.29063.","Nouri S","JAMA Netw Open","2020","2020/12/10","PMC7729427","","10.1001/jamanetworkopen.2020.29063"
"31981366","Time Spent Away from Home in the Year Following High-Risk Cancer Surgery in Older Adults","Suskind AM, Zhao S, Boscardin WJ, Smith A, Finlayson E.","J Am Geriatr Soc. 2020 Mar;68(3):505-510. doi: 10.1111/jgs.16344. Epub 2020 Jan 25.","Suskind AM","J Am Geriatr Soc","2020","2020/01/26","PMC7161704","NIHMS1579263","10.1111/jgs.16344"
"33049232","Association Between Lower Urinary Tract Symptoms and Frailty in Older Men Presenting for Urologic Care","Bauer SR, Jin C, Kamal P, Suskind AM.","Urology. 2021 Feb;148:230-234. doi: 10.1016/j.urology.2020.09.041. Epub 2020 Oct 10.","Bauer SR","Urology","2021","2020/10/13","PMC7870540","NIHMS1644227","10.1016/j.urology.2020.09.041"
"32657033","Incident dementia and faster rates of cognitive decline are associated with worse multisensory function summary scores","Brenowitz WD, Kaup AR, Yaffe K.","Alzheimers Dement. 2020 Oct;16(10):1384-1392. doi: 10.1002/alz.12134. Epub 2020 Jul 12.","Brenowitz WD","Alzheimers Dement","2020","2020/07/14","PMC7901640","NIHMS1641981","10.1002/alz.12134"
"32207832","Prevalence of Diabetes Medication Intensifications in Older Adults Discharged From US Veterans Health Administration Hospitals","Anderson TS, Lee S, Jing B, Fung K, Ngo S, Silvestrini M, Steinman MA.","JAMA Netw Open. 2020 Mar 2;3(3):e201511. doi: 10.1001/jamanetworkopen.2020.1511.","Anderson TS","JAMA Netw Open","2020","2020/03/25","PMC7093767","","10.1001/jamanetworkopen.2020.1511"
"31272896","Geriatric oncology research at the 2019 American Geriatrics Society (AGS) annual meeting: Joint perspectives from the Young International Society of Geriatric Oncology (SIOG) and AGS Cancer and Aging Special Interest Group","Kotwal AA, Presley CJ, Loh KP, Huang LW, Lam V, Wong ML.","J Geriatr Oncol. 2019 Nov;10(6):994-997. doi: 10.1016/j.jgo.2019.06.008. Epub 2019 Jul 1.","Kotwal AA","J Geriatr Oncol","2019","2019/07/06","PMC6814544","NIHMS1533373","10.1016/j.jgo.2019.06.008"
"31363712","Feasibility and Acceptability of Technology-Based Exercise and Posture Training in Older Adults With Age-Related Hyperkyphosis: Pre-Post Study","Katzman WB, Gladin A, Lane NE, Wong S, Liu F, Jin C, Fukuoka Y.","JMIR Aging. 2019 Jan-Jun;2(1):e12199. doi: 10.2196/12199. Epub 2019 Jan 21.","Katzman WB","JMIR Aging","2019","2019/08/01","PMC6664796","NIHMS1026535","10.2196/12199"
"32988850","Improving the American Diabetes Association Framework for individualizing treatment in older adults: evaluating life expectancy","Lee AK, Steinman MA, Lee SJ.","BMJ Open Diabetes Res Care. 2020 Sep;8(1):e001624. doi: 10.1136/bmjdrc-2020-001624.","Lee AK","BMJ Open Diabetes Res Care","2020","2020/09/29","PMC7523213","","10.1136/bmjdrc-2020-001624"
"31655014","Frailty Is Associated With Increased Rates of Acute Cellular Rejection Within 3 Months After Liver Transplantation","Fozouni L, Mohamad Y, Lebsack A, Freise C, Stock P, Lai JC.","Liver Transpl. 2020 Mar;26(3):390-396. doi: 10.1002/lt.25669. Epub 2020 Feb 3.","Fozouni L","Liver Transpl","2020","2019/10/27","PMC7036016","NIHMS1056453","10.1002/lt.25669"
"29265949","Secondary Analysis of Existing Datasets for Dementia and Palliative Care Research: High-Value Applications and Key Considerations","Hunt LJ, Lee SJ, Harrison KL, Smith AK.","J Palliat Med. 2018 Feb;21(2):130-142. doi: 10.1089/jpm.2017.0309. Epub 2017 Dec 21.","Hunt LJ","J Palliat Med","2018","2017/12/22","PMC5797328","","10.1089/jpm.2017.0309"
"24733202","Delirium severity in the hospitalized patient: time to pay attention","Eubank KJ, Covinsky KE.","Ann Intern Med. 2014 Apr 15;160(8):574-5. doi: 10.7326/M14-0553.","Eubank KJ","Ann Intern Med","2014","2014/04/16","PMC4112185","NIHMS602295","10.7326/M14-0553"
"24616273","Functional status--an important but overlooked variable in the readmissions equation","Greysen SR, Covinsky KE.","J Hosp Med. 2014 May;9(5):330-1. doi: 10.1002/jhm.2170. Epub 2014 Feb 26.","Greysen SR","J Hosp Med","2014","2014/03/12","PMC4079047","NIHMS592797","10.1002/jhm.2170"
"30744387","An integrative group movement program for people with dementia and care partners together (Paired PLIÉ): initial process evaluation","Casey JJ, Harrison KL, Ventura MI, Mehling W, Barnes DE.","Aging Ment Health. 2020 Jun;24(6):971-977. doi: 10.1080/13607863.2018.1553142. Epub 2019 Feb 12.","Casey JJ","Aging Ment Health","2020","2019/02/13","PMC6690798","NIHMS1520291","10.1080/13607863.2018.1553142"
"29159371","Care Planning for Inpatients Referred for Palliative Care Consultation","Bischoff K, O'Riordan DL, Marks AK, Sudore R, Pantilat SZ.","JAMA Intern Med. 2018 Jan 1;178(1):48-54. doi: 10.1001/jamainternmed.2017.6313.","Bischoff K","JAMA Intern Med","2018","2017/11/22","PMC5768314","NIHMS928150","10.1001/jamainternmed.2017.6313"
"32159753","Association of Functional, Cognitive, and Psychological Measures With 1-Year Mortality in Patients Undergoing Major Surgery","Tang VL, Jing B, Boscardin J, Ngo S, Silvestrini M, Finlayson E, Covinsky KE.","JAMA Surg. 2020 May 1;155(5):412-418. doi: 10.1001/jamasurg.2020.0091.","Tang VL","JAMA Surg","2020","2020/03/12","PMC7066523","","10.1001/jamasurg.2020.0091"
"29388533","Chronic disease burden predicts food insecurity among older adults","Jih J, Stijacic-Cenzer I, Seligman HK, Boscardin WJ, Nguyen TT, Ritchie CS.","Public Health Nutr. 2018 Jun;21(9):1737-1742. doi: 10.1017/S1368980017004062. Epub 2018 Feb 1.","Jih J","Public Health Nutr","2018","2018/02/02","PMC6204426","NIHMS993061","10.1017/S1368980017004062"
"32525421","""We Have a Long Way to Go:"" A Case Study Examination of Older Women Veterans' Experiences in VA Primary Care","Silvestrini M, Nicosia F, Spar MJ, Gibson CJ, Brown RT.","Inquiry. 2020 Jan-Dec;57:46958020931311. doi: 10.1177/0046958020931311.","Silvestrini M","Inquiry","2020","2020/06/12","PMC7290258","","10.1177/0046958020931311"
"31455434","""Looking Forward"": a qualitative evaluation of a physical activity program for middle-aged and older adults with serious mental illness","Dobbins S, Hubbard E, Leutwyler H.","Int Psychogeriatr. 2020 Dec;32(12):1449-1456. doi: 10.1017/S1041610218002004. Epub 2019 Aug 28.","Dobbins S","Int Psychogeriatr","2020","2019/08/29","PMC7047554","NIHMS1510213","10.1017/S1041610218002004"
"31876645","What's Happening at Home: A Claims-based Approach to Better Understand Home Clinical Care Received by Older Adults","Harrison KL, Leff B, Altan A, Dunning S, Patterson CR, Ritchie CS.","Med Care. 2020 Apr;58(4):360-367. doi: 10.1097/MLR.0000000000001267.","Harrison KL","Med Care","2020","2019/12/27","PMC7071951","NIHMS1066364","10.1097/MLR.0000000000001267"
"32808855","Comparative Outcomes for Pelvic Organ Prolapse Surgery among Nursing Home Residents and Matched Community Dwelling Older Adults","Suskind AM, Zhao S, Boscardin WJ, Covinsky K, Finlayson E.","J Urol. 2021 Jan;205(1):199-205. doi: 10.1097/JU.0000000000001331. Epub 2020 Aug 18.","Suskind AM","J Urol","2021","2020/08/19","PMC7725928","NIHMS1633174","10.1097/JU.0000000000001331"
"25307032","The octogenarian donor: can the liver be ""younger than stated age""?","Lai JC, Covinsky K, Feng S.","Am J Transplant. 2014 Sep;14(9):1962-3. doi: 10.1111/ajt.12844. Epub 2014 Aug 6.","Lai JC","Am J Transplant","2014","2014/10/14","PMC4383764","NIHMS672207","10.1111/ajt.12844"
"32865472","A Toolkit for Community-Based, Medicaid-Funded Case Managers to Introduce Advance Care Planning to Frail, Older Adults: A Pilot Study","Nouri SS, Ritchie C, Volow A, Li B, McSpadden S, Dearman K, Kotwal A, Sudore RL.","J Palliat Med. 2021 Mar;24(3):428-432. doi: 10.1089/jpm.2020.0200. Epub 2020 Aug 27.","Nouri SS","J Palliat Med","2021","2020/09/01","PMC7894043","","10.1089/jpm.2020.0200"
"33105280","Derivation, Validation, Sustained Performance, and Clinical Impact of an Electronic Medical Record-Based Perioperative Delirium Risk Stratification Tool","Whitlock EL, Braehler MR, Kaplan JA, Finlayson E, Rogers SE, Douglas V, Donovan AL.","Anesth Analg. 2020 Dec;131(6):1901-1910. doi: 10.1213/ANE.0000000000005085.","Whitlock EL","Anesth Analg","2020","2020/10/26","PMC7669577","NIHMS1638202","10.1213/ANE.0000000000005085"
"29247754","Advance Care Planning in Community-Dwelling Patients With Dementia","Givens JL, Sudore RL, Marshall GA, Dufour AB, Kopits I, Mitchell SL.","J Pain Symptom Manage. 2018 Apr;55(4):1105-1112. doi: 10.1016/j.jpainsymman.2017.12.473. Epub 2017 Dec 14.","Givens JL","J Pain Symptom Manage","2018","2017/12/17","PMC5866907","NIHMS950402","10.1016/j.jpainsymman.2017.12.473"
"32157684","Empowering Older Adults to Discuss Advance Care Planning During Clinical Visits: The PREPARE Randomized Trial","Freytag J, Street RL Jr, Barnes DE, Shi Y, Volow AM, Shim JK, Alexander SC, Sudore RL.","J Am Geriatr Soc. 2020 Jun;68(6):1210-1217. doi: 10.1111/jgs.16405. Epub 2020 Mar 10.","Freytag J","J Am Geriatr Soc","2020","2020/03/12","PMC7787080","NIHMS1647923","10.1111/jgs.16405"
"29204845","Six-Month Emergency Department Use among Older Adults Following Jail Incarceration","Humphreys J, Ahalt C, Stijacic-Cenzer I, Widera E, Williams B.","J Urban Health. 2018 Aug;95(4):523-533. doi: 10.1007/s11524-017-0208-4.","Humphreys J","J Urban Health","2018","2017/12/06","PMC6095758","","10.1007/s11524-017-0208-4"
"33185602","Dyadic Group Exercises for Persons with Memory Deficits and Care Partners: Mixed-Method Findings from the Paired Preventing Loss of Independence through Exercise (PLIÉ) Randomized Trial","Mehling WE, Scott TM, Duffy J, Whitmer RA, Chesney MA, Boscardin WJ, Barnes DE.","J Alzheimers Dis. 2020;78(4):1689-1706. doi: 10.3233/JAD-200713.","Mehling WE","J Alzheimers Dis","2020","2020/11/13","","","10.3233/JAD-200713"
"29710117","Geriatric Dermatology-A Framework for Caring for Older Patients With Skin Disease","Linos E, Chren MM, Covinsky K.","JAMA Dermatol. 2018 Jul 1;154(7):757-758. doi: 10.1001/jamadermatol.2018.0286.","Linos E","JAMA Dermatol","2018","2018/05/01","PMC6596420","NIHMS1035197","10.1001/jamadermatol.2018.0286"
"30322507","Distinct attentional function profiles in older adults receiving cancer chemotherapy","Utne I, Løyland B, Grov EK, Rasmussen HL, Torstveit AH, Cooper BA, Mastick J, Mazor M, Wong M, Paul SM, Conley YP, Jahan T, Ritchie C, Levine JD, Miaskowski C.","Eur J Oncol Nurs. 2018 Oct;36:32-39. doi: 10.1016/j.ejon.2018.08.006. Epub 2018 Aug 22.","Utne I","Eur J Oncol Nurs","2018","2018/10/17","PMC6193264","NIHMS1504401","10.1016/j.ejon.2018.08.006"
"32989731","Geriatric Syndromes and Atrial Fibrillation: Prevalence and Association with Anticoagulant Use in a National Cohort of Older Americans","Shah SJ, Fang MC, Jeon SY, Gregorich SE, Covinsky KE.","J Am Geriatr Soc. 2021 Feb;69(2):349-356. doi: 10.1111/jgs.16822. Epub 2020 Sep 28.","Shah SJ","J Am Geriatr Soc","2021","2020/09/29","","","10.1111/jgs.16822"
"27409232","Focus on Surgical Outcomes That Matter to Older Patients","Suskind AM, Finlayson E.","JAMA Surg. 2016 Sep 21;151(9):e161701. doi: 10.1001/jamasurg.2016.1701. Epub 2016 Sep 21.","Suskind AM","JAMA Surg","2016","2016/07/14","PMC5215097","NIHMS838809","10.1001/jamasurg.2016.1701"
"30092319","Shingles and pneumonia and risk of cutaneous basal and squamous cell carcinoma","Drucker AM, Li WQ, Cho E, Li T, Besdine R, Qureshi AA, Linos E.","J Am Acad Dermatol. 2018 Aug 6:S0190-9622(18)32353-3. doi: 10.1016/j.jaad.2018.07.049. Online ahead of print.","Drucker AM","J Am Acad Dermatol","2018","2018/08/10","PMC6363892","NIHMS994399","10.1016/j.jaad.2018.07.049"
"28849435","A Cohort Study of Healthcare Utilization in Older Adults with Undiagnosed Dementia","Lee SJ, Larson EB, Dublin S, Walker R, Marcum Z, Barnes D.","J Gen Intern Med. 2018 Jan;33(1):13-15. doi: 10.1007/s11606-017-4162-3.","Lee SJ","J Gen Intern Med","2018","2017/08/30","PMC5756157","","10.1007/s11606-017-4162-3"
"28426307","How California Prepared for Implementation of Physician-Assisted Death: A Primer","Petrillo LA, Dzeng E, Harrison KL, Forbes L, Scribner B, Koenig BA.","Am J Public Health. 2017 Jun;107(6):883-888. doi: 10.2105/AJPH.2017.303755. Epub 2017 Apr 20.","Petrillo LA","Am J Public Health","2017","2017/04/21","PMC5425870","NIHMS873117","10.2105/AJPH.2017.303755"
"29279891","Hypoglycemia in Hospice Patients With Type 2 Diabetes in a National Sample of Nursing Homes","Petrillo LA, Gan S, Jing B, Lang-Brown S, Boscardin WJ, Lee SJ.","JAMA Intern Med. 2018 May 1;178(5):713-715. doi: 10.1001/jamainternmed.2017.7744.","Petrillo LA","JAMA Intern Med","2018","2017/12/28","PMC5885911","","10.1001/jamainternmed.2017.7744"
"28905358","Prognosis Communication in Late-Life Disability: A Mixed Methods Study","Wong TW, Lang-Brown S, Romo RD, Au-Yeung A, Lee SJ, Moran PJ, Karlawish J, Sudore R, Clayton J, Smith AK.","J Am Geriatr Soc. 2017 Nov;65(11):2496-2501. doi: 10.1111/jgs.15025. Epub 2017 Sep 14.","Wong TW","J Am Geriatr Soc","2017","2017/09/15","PMC5681411","NIHMS889942","10.1111/jgs.15025"
"23445498","Do clinical standards for diabetes care address excess risk for hypoglycemia in vulnerable patients? A systematic review","Berkowitz SA, Aragon K, Hines J, Seligman H, Lee S, Sarkar U.","Health Serv Res. 2013 Aug;48(4):1299-310. doi: 10.1111/1475-6773.12048. Epub 2013 Feb 28.","Berkowitz SA","Health Serv Res","2013","2013/03/01","PMC3725526","NIHMS453627","10.1111/1475-6773.12048"
"24369074","Elder self-neglect--how can a physician help?","Smith AK, Lo B, Aronson L.","N Engl J Med. 2013 Dec 26;369(26):2476-9. doi: 10.1056/NEJMp1310684.","Smith AK","N Engl J Med","2013","2013/12/27","PMC4035097","NIHMS581396","10.1056/NEJMp1310684"
"26009828","Geriatric Syndromes in Older HIV-Infected Adults","Greene M, Covinsky KE, Valcour V, Miao Y, Madamba J, Lampiris H, Cenzer IS, Martin J, Deeks SG.","J Acquir Immune Defic Syndr. 2015 Jun 1;69(2):161-7. doi: 10.1097/QAI.0000000000000556.","Greene M","J Acquir Immune Defic Syndr","2015","2015/05/27","PMC4445476","NIHMS657467","10.1097/QAI.0000000000000556"
"29159368","Palliative Care Eligibility, Symptom Burden, and Quality-of-Life Ratings in Nursing Home Residents","Stephens CE, Hunt LJ, Bui N, Halifax E, Ritchie CS, Lee SJ.","JAMA Intern Med. 2018 Jan 1;178(1):141-142. doi: 10.1001/jamainternmed.2017.6299.","Stephens CE","JAMA Intern Med","2018","2017/11/22","PMC5833507","","10.1001/jamainternmed.2017.6299"
"32950428","Toxicity and survival outcomes in older adults receiving concurrent or sequential chemoradiation for stage III non-small cell lung cancer in Alliance trials (Alliance A151812)","Maggiore RJ, Zahrieh D, McMurray RP, Feliciano JL, Samson P, Mohindra P, Chen H, Wong ML, Lafky JM, Jatoi A, Le-Rademacher JG.","J Geriatr Oncol. 2020 Sep 16:S1879-4068(20)30432-X. doi: 10.1016/j.jgo.2020.09.005. Online ahead of print.","Maggiore RJ","J Geriatr Oncol","2020","2020/09/20","PMC7960567","NIHMS1629968","10.1016/j.jgo.2020.09.005"
"27924103","Editorial: Advancing Adoption of Frailty to Improve the Care of Patients with Cirrhosis: Time for a Consensus on a Frailty Index","Lai JC.","Am J Gastroenterol. 2016 Dec;111(12):1776-1777. doi: 10.1038/ajg.2016.485.","Lai JC","Am J Gastroenterol","2016","2016/12/08","PMC5417334","NIHMS855651","10.1038/ajg.2016.485"
"32951293","Expanding Beyond Maximum Grade: Chemotherapy Toxicity over Time by Age and Performance Status in Advanced Non-Small Cell Lung Cancer in CALGB 9730 (Alliance A151729)","Wong ML, Gao J, Thanarajasingam G, Sloan JA, Dueck AC, Novotny PJ, Jatoi A, Hurria A, Walter LC, Miaskowski C, Cohen HJ, Wood WA, Feliciano JL, Stinchcombe TE, Wang X.","Oncologist. 2021 Mar;26(3):e435-e444. doi: 10.1002/onco.13527. Epub 2020 Oct 1.","Wong ML","Oncologist","2021","2020/09/20","PMC7930405","","10.1002/onco.13527"
"31179811","Walking the Tightrope between Study Participant Autonomy and Researcher Integrity: The Case Study of a Research Participant with Alzheimer's Disease Pursuing Euthanasia in Switzerland","Portacolone E, Covinsky KE, Johnson JK, Rubinstein RL, Halpern J.","J Empir Res Hum Res Ethics. 2019 Dec;14(5):483-486. doi: 10.1177/1556264619853198. Epub 2019 Jun 10.","Portacolone E","J Empir Res Hum Res Ethics","2019","2019/06/11","PMC6884661","NIHMS1528791","10.1177/1556264619853198"
"27733902","Perception of primary care physicians on the impact of comprehensive geriatric assessment: what is the next step?","Chen P, Steinman MA.","Isr J Health Policy Res. 2016 Oct 1;5:46. doi: 10.1186/s13584-016-0106-3. eCollection 2016.","Chen P","Isr J Health Policy Res","2016","2016/10/14","PMC5045624","","10.1186/s13584-016-0106-3"
"29741766","Natural history of lesions suspicious for basal cell carcinoma in older adults in Ikaria, Greece","Wehner MR, Dalma N, Landefeld C, Pare-Anastasiadou A, Koutelidas I, Chren MM, Aji N, Teng CE, Koenig BA, Tang J, Covinsky K, Linos E.","Br J Dermatol. 2018 Sep;179(3):767-768. doi: 10.1111/bjd.16730. Epub 2018 Jul 12.","Wehner MR","Br J Dermatol","2018","2018/05/10","PMC6141323","NIHMS965628","10.1111/bjd.16730"
"28502833","Overactive Bladder Is Strongly Associated With Frailty in Older Individuals","Suskind AM, Quanstrom K, Zhao S, Bridge M, Walter LC, Neuhaus J, Finlayson E.","Urology. 2017 Aug;106:26-31. doi: 10.1016/j.urology.2017.03.058. Epub 2017 May 11.","Suskind AM","Urology","2017","2017/05/16","PMC5522778","NIHMS862917","10.1016/j.urology.2017.03.058"
"26920935","Geriatric Conditions in a Population-Based Sample of Older Homeless Adults","Brown RT, Hemati K, Riley ED, Lee CT, Ponath C, Tieu L, Guzman D, Kushel MB.","Gerontologist. 2017 Aug 1;57(4):757-766. doi: 10.1093/geront/gnw011.","Brown RT","Gerontologist","2017","2016/02/28","PMC5881727","","10.1093/geront/gnw011"
"30296501","Recurrent Urinary Tract Infections are Associated With Frailty in Older Adults","Tang M, Quanstrom K, Jin C, Suskind AM.","Urology. 2019 Jan;123:24-27. doi: 10.1016/j.urology.2018.09.025. Epub 2018 Oct 6.","Tang M","Urology","2019","2018/10/09","","","10.1016/j.urology.2018.09.025"
"29696330","Patient Frailty Should Be Used to Individualize Treatment Decisions in Primary Hyperparathyroidism","Seib CD, Chomsky-Higgins K, Gosnell JE, Shen WT, Suh I, Duh QY, Finlayson E.","World J Surg. 2018 Oct;42(10):3215-3222. doi: 10.1007/s00268-018-4629-3.","Seib CD","World J Surg","2018","2018/04/27","","","10.1007/s00268-018-4629-3"
"29132150","Functional Impairment and Decline in Middle Age: A Cohort Study","Brown RT, Diaz-Ramirez LG, Boscardin WJ, Lee SJ, Steinman MA.","Ann Intern Med. 2017 Dec 5;167(11):761-768. doi: 10.7326/M17-0496. Epub 2017 Oct 31.","Brown RT","Ann Intern Med","2017","2017/11/14","PMC5716833","NIHMS920057","10.7326/M17-0496"
"27323220","Neurobehavioral Characteristics of Older Veterans With Remote Traumatic Brain Injury","Peltz CB, Gardner RC, Kenney K, Diaz-Arrastia R, Kramer JH, Yaffe K.","J Head Trauma Rehabil. 2017 Jan/Feb;32(1):E8-E15. doi: 10.1097/HTR.0000000000000245.","Peltz CB","J Head Trauma Rehabil","2017","2016/06/21","PMC5164874","NIHMS772737","10.1097/HTR.0000000000000245"
"30144536","Characteristics Associated With Physical Function Trajectories in Older Adults With Cancer During Chemotherapy","Wong ML, Paul SM, Mastick J, Ritchie C, Steinman MA, Walter LC, Miaskowski C.","J Pain Symptom Manage. 2018 Nov;56(5):678-688.e1. doi: 10.1016/j.jpainsymman.2018.08.006. Epub 2018 Aug 23.","Wong ML","J Pain Symptom Manage","2018","2018/08/26","PMC6195841","NIHMS1507250","10.1016/j.jpainsymman.2018.08.006"
"30578068","Cognitive Change After Cardiac Surgery Versus Cardiac Catheterization: A Population-Based Study","Whitlock EL, Diaz-Ramirez LG, Smith AK, Boscardin WJ, Avidan MS, Glymour MM.","Ann Thorac Surg. 2019 Apr;107(4):1119-1125. doi: 10.1016/j.athoracsur.2018.10.021. Epub 2018 Dec 18.","Whitlock EL","Ann Thorac Surg","2019","2018/12/23","PMC6707506","NIHMS1022772","10.1016/j.athoracsur.2018.10.021"
"29455436","Older adults in jail: high rates and early onset of geriatric conditions","Greene M, Ahalt C, Stijacic-Cenzer I, Metzger L, Williams B.","Health Justice. 2018 Feb 17;6(1):3. doi: 10.1186/s40352-018-0062-9.","Greene M","Health Justice","2018","2018/02/19","PMC5816733","","10.1186/s40352-018-0062-9"
"30289968","Increasing Advance Care Planning Using a Surgical Optimization Program for Older Adults","Kata A, Sudore R, Finlayson E, Broering JM, Ngo S, Tang VL.","J Am Geriatr Soc. 2018 Oct;66(10):2017-2021. doi: 10.1111/jgs.15554. Epub 2018 Oct 5.","Kata A","J Am Geriatr Soc","2018","2018/10/06","PMC6181775","NIHMS982164","10.1111/jgs.15554"
"27257114","Neighborhood Socioeconomic Status and Cognitive Function in Late Life","Rosso AL, Flatt JD, Carlson MC, Lovasi GS, Rosano C, Brown AF, Matthews KA, Gianaros PJ.","Am J Epidemiol. 2016 Jun 15;183(12):1088-97. doi: 10.1093/aje/kwv337. Epub 2016 Jun 2.","Rosso AL","Am J Epidemiol","2016","2016/06/04","PMC4908209","","10.1093/aje/kwv337"
"27719514","Lifetime alcohol use and cognitive performance in older adults","Kalapatapu RK, Ventura MI, Barnes DE.","J Addict Dis. 2017 Jan-Mar;36(1):38-47. doi: 10.1080/10550887.2016.1245029. Epub 2016 Oct 8.","Kalapatapu RK","J Addict Dis","2017","2016/10/11","PMC5241216","NIHMS820796","10.1080/10550887.2016.1245029"
"26480970","Increase in Disability Prevalence Before Hip Fracture","Smith AK, Cenzer IS, John Boscardin W, Ritchie CS, Wallhagen ML, Covinsky KE.","J Am Geriatr Soc. 2015 Oct;63(10):2029-35. doi: 10.1111/jgs.13658.","Smith AK","J Am Geriatr Soc","2015","2015/10/21","PMC4699653","NIHMS745712","10.1111/jgs.13658"
"23836120","Disability during the last two years of life","Smith AK, Walter LC, Miao Y, Boscardin WJ, Covinsky KE.","JAMA Intern Med. 2013 Sep 9;173(16):1506-13. doi: 10.1001/jamainternmed.2013.8738.","Smith AK","JAMA Intern Med","2013","2013/07/10","PMC3773297","NIHMS492631","10.1001/jamainternmed.2013.8738"
"29168060","The Role of Physician Recommendation in Colorectal Cancer Screening Receipt Among Immigrant Chinese Americans","Jih J, Nguyen MP, Ly I, Tsoh JY, Le GM, Woo K, Chan E, Gildengorin G, Stewart SL, Burke A, Pasick R, McPhee SJ, Nguyen TT.","J Immigr Minor Health. 2018 Dec;20(6):1483-1489. doi: 10.1007/s10903-017-0679-0.","Jih J","J Immigr Minor Health","2018","2017/11/24","PMC6322537","NIHMS1002475","10.1007/s10903-017-0679-0"
"28716620","Distinct Physical Function Profiles in Older Adults Receiving Cancer Chemotherapy","Miaskowski C, Wong ML, Cooper BA, Mastick J, Paul SM, Possin K, Steinman M, Cataldo J, Dunn LB, Ritchie C.","J Pain Symptom Manage. 2017 Sep;54(3):263-272. doi: 10.1016/j.jpainsymman.2017.07.018. Epub 2017 Jul 15.","Miaskowski C","J Pain Symptom Manage","2017","2017/07/19","PMC5610084","NIHMS893141","10.1016/j.jpainsymman.2017.07.018"
"27893024","Glycemic Control and Functional Decline in Nursing Home Residents With Diabetes","Hsu A, Gan S, Cenzer-Stijacic I, Lee SJ.","JAMA Intern Med. 2017 Jan 1;177(1):130-132. doi: 10.1001/jamainternmed.2016.6949.","Hsu A","JAMA Intern Med","2017","2016/11/29","PMC5683851","NIHMS915118","10.1001/jamainternmed.2016.6949"
"31745445","Application of Photovoice with Focus Groups to Explore Dietary Behaviors of Older Filipino Adults with Cardiovascular Disease","Jih J, La Chica T, Antonio LM, Villero OO, Roque MN, Domingo JR, Landicho JF, Napoles AM, Kaplan CP, Nguyen TT.","J Health Dispar Res Pract. 2018 Summer;11(2):133-149.","Jih J","J Health Dispar Res Pract","2018","2019/11/21","PMC6863513","NIHMS1010935",""
"25560101","The burden of nocturia among middle-aged and older women","Hsu A, Nakagawa S, Walter LC, Van Den Eeden SK, Brown JS, Thom DH, Lee SJ, Huang AJ.","Obstet Gynecol. 2015 Jan;125(1):35-43. doi: 10.1097/AOG.0000000000000600.","Hsu A","Obstet Gynecol","2015","2015/01/07","PMC4286307","NIHMS639085","10.1097/AOG.0000000000000600"
"30232805","Cognition and Incarceration: Cognitive Impairment and Its Associated Outcomes in Older Adults in Jail","Ahalt C, Stijacic-Cenzer I, Miller BL, Rosen HJ, Barnes DE, Williams BA.","J Am Geriatr Soc. 2018 Nov;66(11):2065-2071. doi: 10.1111/jgs.15521. Epub 2018 Sep 19.","Ahalt C","J Am Geriatr Soc","2018","2018/09/21","PMC6512774","NIHMS1025313","10.1111/jgs.15521"
"26010119","Epidemiology of the Homebound Population in the United States","Ornstein KA, Leff B, Covinsky KE, Ritchie CS, Federman AD, Roberts L, Kelley AS, Siu AL, Szanton SL.","JAMA Intern Med. 2015 Jul;175(7):1180-6. doi: 10.1001/jamainternmed.2015.1849.","Ornstein KA","JAMA Intern Med","2015","2015/05/27","PMC4749137","NIHMS756503","10.1001/jamainternmed.2015.1849"
"30044854","Age, comorbidity, life expectancy, and pulmonary nodule follow-up in older veterans","Wong ML, Shi Y, Fung KZ, Ngo S, Elicker BM, Brown JK, Hiatt RA, Tang VL, Walter LC.","PLoS One. 2018 Jul 25;13(7):e0200496. doi: 10.1371/journal.pone.0200496. eCollection 2018.","Wong ML","PLoS One","2018","2018/07/26","PMC6059441","","10.1371/journal.pone.0200496"
"26502331","Subjective, Objective, and Observed Long-term Survival: A Longitudinal Cohort Study","Romo RD, Lee SJ, Miao Y, Boscardin WJ, Smith AK.","JAMA Intern Med. 2015 Dec;175(12):1986-8. doi: 10.1001/jamainternmed.2015.5542.","Romo RD","JAMA Intern Med","2015","2015/10/27","PMC4699655","NIHMS745707","10.1001/jamainternmed.2015.5542"
"28477941","The Timed Up and Go Test as a Measure of Frailty in Urologic Practice","Pangilinan J, Quanstrom K, Bridge M, Walter LC, Finlayson E, Suskind AM.","Urology. 2017 Aug;106:32-38. doi: 10.1016/j.urology.2017.03.054. Epub 2017 May 3.","Pangilinan J","Urology","2017","2017/05/08","PMC5522780","NIHMS862920","10.1016/j.urology.2017.03.054"
"25970145","Cavum Septum Pellucidum in Retired American Pro-Football Players","Gardner RC, Hess CP, Brus-Ramer M, Possin KL, Cohn-Sheehy BI, Kramer JH, Berger MS, Yaffe K, Miller B, Rabinovici GD.","J Neurotrauma. 2016 Jan 1;33(1):157-61. doi: 10.1089/neu.2014.3805. Epub 2015 Jul 17.","Gardner RC","J Neurotrauma","2016","2015/05/14","PMC4696427","","10.1089/neu.2014.3805"
"30506667","Making Function Part of the Conversation: Clinician Perspectives on Measuring Functional Status in Primary Care","Nicosia FM, Spar MJ, Steinman MA, Lee SJ, Brown RT.","J Am Geriatr Soc. 2019 Mar;67(3):493-502. doi: 10.1111/jgs.15677. Epub 2018 Dec 2.","Nicosia FM","J Am Geriatr Soc","2019","2018/12/04","PMC6402957","NIHMS995476","10.1111/jgs.15677"
"25642907","Functional impairment and hospital readmission in Medicare seniors","Greysen SR, Stijacic Cenzer I, Auerbach AD, Covinsky KE.","JAMA Intern Med. 2015 Apr;175(4):559-65. doi: 10.1001/jamainternmed.2014.7756.","Greysen SR","JAMA Intern Med","2015","2015/02/03","PMC4388787","NIHMS672705","10.1001/jamainternmed.2014.7756"
"30295922","Oral health and access to dental care among older homeless adults: results from the HOPE HOME study","Freitas DJ, Kaplan LM, Tieu L, Ponath C, Guzman D, Kushel M.","J Public Health Dent. 2019 Dec;79(1):3-9. doi: 10.1111/jphd.12288. Epub 2018 Sep 17.","Freitas DJ","J Public Health Dent","2019","2018/10/09","PMC6420347","NIHMS992838","10.1111/jphd.12288"
"25002159","Prescribing quality in older veterans: a multifocal approach","Steinman MA, Miao Y, Boscardin WJ, Komaiko KD, Schwartz JB.","J Gen Intern Med. 2014 Oct;29(10):1379-86. doi: 10.1007/s11606-014-2924-8. Epub 2014 Jul 8.","Steinman MA","J Gen Intern Med","2014","2014/07/09","PMC4175643","","10.1007/s11606-014-2924-8"
"25033146","Older jail inmates and community acute care use","Chodos AH, Ahalt C, Cenzer IS, Myers J, Goldenson J, Williams BA.","Am J Public Health. 2014 Sep;104(9):1728-33. doi: 10.2105/AJPH.2014.301952. Epub 2014 Jul 17.","Chodos AH","Am J Public Health","2014","2014/07/18","PMC4151907","","10.2105/AJPH.2014.301952"
"33506111","Population-Based Screening for Functional Disability in Older Adults","Ankuda CK, Freedman VA, Covinsky KE, Kelley AS.","Innov Aging. 2020 Dec 22;5(1):igaa065. doi: 10.1093/geroni/igaa065. eCollection 2021.","Ankuda CK","Innov Aging","2020","2021/01/28","PMC7817111","","10.1093/geroni/igaa065"
"27683638","Underutilization of palliative care services in the liver transplant population","Kathpalia P, Smith A, Lai JC.","World J Transplant. 2016 Sep 24;6(3):594-8. doi: 10.5500/wjt.v6.i3.594.","Kathpalia P","World J Transplant","2016","2016/09/30","PMC5036129","","10.5500/wjt.v6.i3.594"
"23752708","Use of acute care services among older homeless adults","Brown RT, Kiely DK, Bharel M, Grande LJ, Mitchell SL.","JAMA Intern Med. 2013 Oct 28;173(19):1831-4. doi: 10.1001/jamainternmed.2013.6627.","Brown RT","JAMA Intern Med","2013","2013/06/12","PMC3975053","NIHMS562453","10.1001/jamainternmed.2013.6627"
"29706753","Current approaches to measuring functional status among older adults in VA primary care clinics","Spar MJ, Nicosia FM, Steinman MA, Brown RT.","Fed Pract. 2017 Sep;34(9):26-31.","Spar MJ","Fed Pract","2017","2018/05/01","PMC5915328","NIHMS940247",""
"29059279","Wealth-Associated Disparities in Death and Disability in the United States and England","Makaroun LK, Brown RT, Diaz-Ramirez LG, Ahalt C, Boscardin WJ, Lang-Brown S, Lee S.","JAMA Intern Med. 2017 Dec 1;177(12):1745-1753. doi: 10.1001/jamainternmed.2017.3903.","Makaroun LK","JAMA Intern Med","2017","2017/10/24","PMC5820733","","10.1001/jamainternmed.2017.3903"
"25973822","Health Outcomes of Obtaining Housing Among Older Homeless Adults","Brown RT, Miao Y, Mitchell SL, Bharel M, Patel M, Ard KL, Grande LJ, Blazey-Martin D, Floru D, Steinman MA.","Am J Public Health. 2015 Jul;105(7):1482-8. doi: 10.2105/AJPH.2014.302539. Epub 2015 May 14.","Brown RT","Am J Public Health","2015","2015/05/15","PMC4458186","NIHMS669629","10.2105/AJPH.2014.302539"
"24935609","Frailty predicts waitlist mortality in liver transplant candidates","Lai JC, Feng S, Terrault NA, Lizaola B, Hayssen H, Covinsky K.","Am J Transplant. 2014 Aug;14(8):1870-9. doi: 10.1111/ajt.12762. Epub 2014 Jun 16.","Lai JC","Am J Transplant","2014","2014/06/18","PMC4107151","NIHMS582769","10.1111/ajt.12762"
"29194969","Sex-based disparities in delisting for being ""too sick"" for liver transplantation","Cullaro G, Sarkar M, Lai JC.","Am J Transplant. 2018 May;18(5):1214-1219. doi: 10.1111/ajt.14608. Epub 2017 Dec 28.","Cullaro G","Am J Transplant","2018","2017/12/02","PMC5910224","NIHMS950063","10.1111/ajt.14608"
"28422561","Development and Feasibility of a Structured Goals of Care Communication Guide","Bekelman DB, Johnson-Koenke R, Ahluwalia SC, Walling AM, Peterson J, Sudore RL.","J Palliat Med. 2017 Sep;20(9):1004-1012. doi: 10.1089/jpm.2016.0383. Epub 2017 Apr 19.","Bekelman DB","J Palliat Med","2017","2017/04/20","PMC5576094","","10.1089/jpm.2016.0383"
"30167636","Functional Status and Survival After Breast Cancer Surgery in Nursing Home Residents","Tang V, Zhao S, Boscardin J, Sudore R, Covinsky K, Walter LC, Esserman L, Mukhtar R, Finlayson E.","JAMA Surg. 2018 Dec 1;153(12):1090-1096. doi: 10.1001/jamasurg.2018.2736.","Tang V","JAMA Surg","2018","2018/09/01","PMC6433538","NIHMS999245","10.1001/jamasurg.2018.2736"
"30209052","Intensification of older adults' outpatient blood pressure treatment at hospital discharge: national retrospective cohort study","Anderson TS, Wray CM, Jing B, Fung K, Ngo S, Xu E, Shi Y, Steinman MA.","BMJ. 2018 Sep 12;362:k3503. doi: 10.1136/bmj.k3503.","Anderson TS","BMJ","2018","2018/09/14","PMC6283373","","10.1136/bmj.k3503"
"30468258","Assessing Risk for Adverse Outcomes in Older Adults: The Need to Include Both Physical Frailty and Cognition","Aliberti MJR, Cenzer IS, Smith AK, Lee SJ, Yaffe K, Covinsky KE.","J Am Geriatr Soc. 2019 Mar;67(3):477-483. doi: 10.1111/jgs.15683. Epub 2018 Nov 23.","Aliberti MJR","J Am Geriatr Soc","2019","2018/11/24","PMC6510389","NIHMS1021419","10.1111/jgs.15683"
"29376864","The Effects and Meanings of Receiving a Diagnosis of Mild Cognitive Impairment or Alzheimer's Disease When One Lives Alone","Portacolone E, Johnson JK, Covinsky KE, Halpern J, Rubinstein RL.","J Alzheimers Dis. 2018;61(4):1517-1529. doi: 10.3233/JAD-170723.","Portacolone E","J Alzheimers Dis","2018","2018/01/30","PMC5862539","NIHMS945518","10.3233/JAD-170723"
"28905727","""Teach-to-Goal"" to Better Assess Informed Consent Comprehension among Incarcerated Clinical Research Participants","Ahalt C, Sudore R, Bolano M, Metzger L, Darby AM, Williams B.","AMA J Ethics. 2017 Sep 1;19(9):862-872. doi: 10.1001/journalofethics.2017.19.9.peer3-1709.","Ahalt C","AMA J Ethics","2017","2017/09/15","PMC5762181","NIHMS927555","10.1001/journalofethics.2017.19.9.peer3-1709"
"24234601","Depression treatment enhances adherence to antiretroviral therapy: a meta-analysis","Sin NL, DiMatteo MR.","Ann Behav Med. 2014 Jun;47(3):259-69. doi: 10.1007/s12160-013-9559-6.","Sin NL","Ann Behav Med","2014","2013/11/16","PMC4021003","NIHMS540388","10.1007/s12160-013-9559-6"
"26011591","The Course of Functional Impairment in Older Homeless Adults: Disabled on the Street","Cimino T, Steinman MA, Mitchell SL, Miao Y, Bharel M, Barnhart CE, Brown RT.","JAMA Intern Med. 2015 Jul;175(7):1237-9. doi: 10.1001/jamainternmed.2015.1562.","Cimino T","JAMA Intern Med","2015","2015/05/27","PMC4494897","NIHMS675185","10.1001/jamainternmed.2015.1562"
"28112618","Navigating the Liminal State Between Life and Death: Clinician Moral Distress and Uncertainty Regarding New Life-Sustaining Technologies","Dzeng E.","Am J Bioeth. 2017 Feb;17(2):22-25. doi: 10.1080/15265161.2016.1265172.","Dzeng E","Am J Bioeth","2017","2017/01/24","PMC5610135","NIHMS904397","10.1080/15265161.2016.1265172"
"30004919","More Frequent Surveillance Following Lung Cancer Resection Is Not Associated With Improved Survival: A Nationally Representative Cohort Study","McMurry TL, Stukenborg GJ, Kessler LG, Colditz GA, Wong ML, Francescatti AB, Jones DR, Schumacher JR, Greenberg CC, Chang GJ, Winchester DP, McKellar DP, Kozower BD.","Ann Surg. 2018 Oct;268(4):632-639. doi: 10.1097/SLA.0000000000002955.","McMurry TL","Ann Surg","2018","2018/07/14","PMC6419100","NIHMS1006814","10.1097/SLA.0000000000002955"
"25493597","The relationship of physical performance with HIV disease and mortality","Greene M, Covinsky K, Astemborski J, Piggott DA, Brown T, Leng S, Galai N, Mehta SH, Guralnik J, Patel KV, Kirk GD.","AIDS. 2014 Nov 28;28(18):2711-9. doi: 10.1097/QAD.0000000000000507.","Greene M","AIDS","2014","2014/12/11","PMC4380225","NIHMS663401","10.1097/QAD.0000000000000507"
"26419976","Preparing for an Aging World: Engaging Biogerontologists, Geriatricians, and the Society","Nikolich-Žugich J, Goldman DP, Cohen PR, Cortese D, Fontana L, Kennedy BK, Mohler MJ, Olshansky SJ, Perls T, Perry D, Richardson A, Ritchie C, Wertheimer AM, Faragher RG, Fain MJ.","J Gerontol A Biol Sci Med Sci. 2016 Apr;71(4):435-44. doi: 10.1093/gerona/glv164. Epub 2015 Sep 29.","Nikolich-Žugich J","J Gerontol A Biol Sci Med Sci","2016","2015/10/01","PMC5014189","","10.1093/gerona/glv164"
"29189486","Association of Cardiac Abnormalities to the Frail Phenotype in Cirrhotic Patients on the Waitlist: From the Functional Assessment in Liver Transplantation Study","Puchades L, Chau S, Dodson JA, Mohamad Y, Mustain R, Lebsack A, Aguilera V, Prieto M, Lai JC.","Transplantation. 2018 Mar;102(3):e101-e107. doi: 10.1097/TP.0000000000002025.","Puchades L","Transplantation","2018","2017/12/01","PMC5820177","NIHMS921124","10.1097/TP.0000000000002025"
"28196784","Addressing Palliative Care Clinician Burnout in Organizations: A Workforce Necessity, an Ethical Imperative","Harrison KL, Dzeng E, Ritchie CS, Shanafelt TD, Kamal AH, Bull JH, Tilburt JC, Swetz KM.","J Pain Symptom Manage. 2017 Jun;53(6):1091-1096. doi: 10.1016/j.jpainsymman.2017.01.007. Epub 2017 Feb 11.","Harrison KL","J Pain Symptom Manage","2017","2017/02/16","PMC5474199","NIHMS847317","10.1016/j.jpainsymman.2017.01.007"
"23953597","Opening it up for more questions: racial disparities in hospice use","Lakin JR, Smith AK.","J Pain Symptom Manage. 2013 Nov;46(5):617. doi: 10.1016/j.jpainsymman.2013.06.001. Epub 2013 Aug 14.","Lakin JR","J Pain Symptom Manage","2013","2013/08/20","","","10.1016/j.jpainsymman.2013.06.001"
"26823182","Anemia and risk for cognitive decline in chronic kidney disease","Kurella Tamura M, Vittinghoff E, Yang J, Go AS, Seliger SL, Kusek JW, Lash J, Cohen DL, Simon J, Batuman V, Ordonez J, Makos G, Yaffe K.","BMC Nephrol. 2016 Jan 28;17:13. doi: 10.1186/s12882-016-0226-6.","Kurella Tamura M","BMC Nephrol","2016","2016/01/30","PMC4730636","","10.1186/s12882-016-0226-6"
"24823661","Risk of thiazide-induced metabolic adverse events in older adults","Makam AN, Boscardin WJ, Miao Y, Steinman MA.","J Am Geriatr Soc. 2014 Jun;62(6):1039-45. doi: 10.1111/jgs.12839. Epub 2014 May 13.","Makam AN","J Am Geriatr Soc","2014","2014/05/15","PMC4128471","NIHMS574830","10.1111/jgs.12839"
"27802496","Low Completion and Disparities in Advance Care Planning Activities Among Older Medicare Beneficiaries","Harrison KL, Adrion ER, Ritchie CS, Sudore RL, Smith AK.","JAMA Intern Med. 2016 Dec 1;176(12):1872-1875. doi: 10.1001/jamainternmed.2016.6751.","Harrison KL","JAMA Intern Med","2016","2016/11/02","PMC5304942","NIHMS847314","10.1001/jamainternmed.2016.6751"
"29050493","Serum BDNF Is Positively Associated With Negative Symptoms in Older Adults With Schizophrenia","Binford SS, Hubbard EM, Flowers E, Miller BL, Leutwyler H.","Biol Res Nurs. 2018 Jan;20(1):63-69. doi: 10.1177/1099800417735634. Epub 2017 Oct 19.","Binford SS","Biol Res Nurs","2018","2017/10/21","PMC5942501","","10.1177/1099800417735634"
"28436006","Good Cop, Better Cop: Evaluation of a Geriatrics Training Program for Police","Brown RT, Ahalt C, Rivera J, Stijacic Cenzer I, Wilhelm A, Williams BA.","J Am Geriatr Soc. 2017 Aug;65(8):1842-1847. doi: 10.1111/jgs.14899. Epub 2017 Apr 24.","Brown RT","J Am Geriatr Soc","2017","2017/04/25","PMC5555774","NIHMS857534","10.1111/jgs.14899"
"28378345","Difficulty Managing Medications and Finances in Older Adults: A 10-year Cohort Study","Bleijenberg N, Smith AK, Lee SJ, Cenzer IS, Boscardin JW, Covinsky KE.","J Am Geriatr Soc. 2017 Jul;65(7):1455-1461. doi: 10.1111/jgs.14819. Epub 2017 Apr 5.","Bleijenberg N","J Am Geriatr Soc","2017","2017/04/06","PMC5580243","NIHMS896880","10.1111/jgs.14819"
"28075155","A Qualitative Study Exploring Community Yoga Practice in Adults with Rheumatoid Arthritis","Greysen HM, Greysen SR, Lee KA, Hong OS, Katz P, Leutwyler H.","J Altern Complement Med. 2017 Jun;23(6):487-493. doi: 10.1089/acm.2016.0156. Epub 2017 Jan 11.","Greysen HM","J Altern Complement Med","2017","2017/01/12","PMC5488310","","10.1089/acm.2016.0156"
"23521614","Pain as a risk factor for disability or death","Andrews JS, Cenzer IS, Yelin E, Covinsky KE.","J Am Geriatr Soc. 2013 Apr;61(4):583-9. doi: 10.1111/jgs.12172. Epub 2013 Mar 21.","Andrews JS","J Am Geriatr Soc","2013","2013/03/26","PMC3628294","NIHMS433749","10.1111/jgs.12172"
